objectPath,objectName,objectType,id
/Explore,IICSAutomation,Project,0fPbAJ1079whsinSpy3eQf
/Explore/IICSAutomation/KeyVaultIntegration,Conn-IICS-RESTAPI,AI_CONNECTION,4ij85WWaEsgjBRysL3F7ki
/Explore/IICSAutomation/KeyVaultIntegration,SC_Azure_RESTAPI,AI_SERVICE_CONNECTOR,21xpz4X2C9IfAnrqG5CKQP
/Explore/IICSAutomation,KeyVaultIntegration,Folder,kahNfoOilSlctHF5Y1gZwT
/Explore/IICSAutomation/KeyVaultIntegration,Conn-Azure-RESTAPI,AI_CONNECTION,8T89rFhrYNFfXGxnQQhE2n
/Explore/IICSAutomation/KeyVaultIntegration,ProcessKeyVaultIntegration,PROCESS,jp1RruDT7ezgVH3AkCzKsy
/Explore/IICSAutomation/KeyVaultIntegration,SC_IICS_RESTAPI,AI_SERVICE_CONNECTOR,7fh1hKQZZWhdBBYLdpuM4y