{
  "name" : "AzureKeyVaultIntegrationUtility",
  "sourceOrgId" : "9V7VG44gwHpeIAqgtC0SW7",
  "sourceOrgName" : "MasterOrg",
  "exportedObjects" : [ {
    "objectGuid" : "0fPbAJ1079whsinSpy3eQf",
    "objectName" : "IICSAutomation",
    "objectType" : "Project",
    "path" : "/Explore",
    "metadata" : {
      "modelVersion" : {
        "major" : 0,
        "minor" : 0
      },
      "repoInfo" : null,
      "objectRefs" : [ ],
      "contextAttributes" : [ ],
      "additionalInfo" : {
        "description" : "",
        "contentType" : "Binary",
        "documentState" : "COMPLETE"
      }
    }
  }, {
    "objectGuid" : "4ij85WWaEsgjBRysL3F7ki",
    "objectName" : "Conn-IICS-RESTAPI",
    "objectType" : "AI_CONNECTION",
    "path" : "/Explore/IICSAutomation/KeyVaultIntegration",
    "metadata" : {
      "modelVersion" : {
        "major" : 1,
        "minor" : 0
      },
      "repoInfo" : {
        "repoHandle" : "goE9paabdqpw0VP-gt-8241637-2022-10-17T07:16:18.111Z::conn.xml"
      },
      "objectRefs" : [ "7fh1hKQZZWhdBBYLdpuM4y" ],
      "contextAttributes" : null,
      "additionalInfo" : {
        "description" : "App Connection for IICS REST API Service Connector",
        "contentType" : "application/json; charset=utf-8",
        "documentState" : "VALID"
      }
    }
  }, {
    "objectGuid" : "21xpz4X2C9IfAnrqG5CKQP",
    "objectName" : "SC_Azure_RESTAPI",
    "objectType" : "AI_SERVICE_CONNECTOR",
    "path" : "/Explore/IICSAutomation/KeyVaultIntegration",
    "metadata" : {
      "modelVersion" : {
        "major" : 1,
        "minor" : 0
      },
      "repoInfo" : {
        "repoHandle" : "YBpDUQbgdwUiQLn-gt-8241645-2022-10-17T07:16:18.15Z::svc.xml"
      },
      "objectRefs" : [ ],
      "contextAttributes" : null,
      "additionalInfo" : {
        "description" : "Service Connector for Azure REST API",
        "contentType" : "application/json; charset=utf-8",
        "documentState" : "VALID"
      }
    }
  }, {
    "objectGuid" : "kahNfoOilSlctHF5Y1gZwT",
    "objectName" : "KeyVaultIntegration",
    "objectType" : "Folder",
    "path" : "/Explore/IICSAutomation",
    "metadata" : {
      "modelVersion" : {
        "major" : 0,
        "minor" : 0
      },
      "repoInfo" : null,
      "objectRefs" : [ ],
      "contextAttributes" : [ ],
      "additionalInfo" : {
        "description" : "",
        "contentType" : "Binary",
        "documentState" : "COMPLETE"
      }
    }
  }, {
    "objectGuid" : "8T89rFhrYNFfXGxnQQhE2n",
    "objectName" : "Conn-Azure-RESTAPI",
    "objectType" : "AI_CONNECTION",
    "path" : "/Explore/IICSAutomation/KeyVaultIntegration",
    "metadata" : {
      "modelVersion" : {
        "major" : 1,
        "minor" : 0
      },
      "repoInfo" : {
        "repoHandle" : "1BghuImXycotFgp-gt-20380778-2022-10-17T07:16:18.51Z::conn.xml"
      },
      "objectRefs" : [ "21xpz4X2C9IfAnrqG5CKQP" ],
      "contextAttributes" : null,
      "additionalInfo" : {
        "description" : "Azure REST API App connection to service connector",
        "contentType" : "application/json; charset=utf-8",
        "documentState" : "VALID"
      }
    }
  }, {
    "objectGuid" : "jp1RruDT7ezgVH3AkCzKsy",
    "objectName" : "ProcessKeyVaultIntegration",
    "objectType" : "PROCESS",
    "path" : "/Explore/IICSAutomation/KeyVaultIntegration",
    "metadata" : {
      "modelVersion" : {
        "major" : 1,
        "minor" : 0
      },
      "repoInfo" : {
        "repoHandle" : "3ghDBr3rp3yD7ty-gt-20272547-2022-10-17T07:16:18.878Z::pd.xml"
      },
      "objectRefs" : [ "4ij85WWaEsgjBRysL3F7ki", "8T89rFhrYNFfXGxnQQhE2n" ],
      "contextAttributes" : null,
      "additionalInfo" : {
        "description" : "Process to fetch the connection param values from Azure KeyVault and Update the IICS Connections",
        "contentType" : "application/json; charset=utf-8",
        "documentState" : "VALID"
      }
    }
  }, {
    "objectGuid" : "7fh1hKQZZWhdBBYLdpuM4y",
    "objectName" : "SC_IICS_RESTAPI",
    "objectType" : "AI_SERVICE_CONNECTOR",
    "path" : "/Explore/IICSAutomation/KeyVaultIntegration",
    "metadata" : {
      "modelVersion" : {
        "major" : 1,
        "minor" : 0
      },
      "repoInfo" : {
        "repoHandle" : "oZduD2L5SeE1KoJ-gt-25274248-2022-07-19T07:09:32.416Z::svc.xml"
      },
      "objectRefs" : [ ],
      "contextAttributes" : null,
      "additionalInfo" : {
        "description" : "IICS REST API Service Connector",
        "contentType" : "application/json; charset=utf-8",
        "documentState" : "VALID"
      }
    }
  } ]
}