<aetgt:getResponse xmlns:aetgt="http://schemas.active-endpoints.com/appmodules/repository/2010/10/avrepository.xsd"
                   xmlns:types1="http://schemas.active-endpoints.com/appmodules/repository/2010/10/avrepository.xsd">
   <types1:Item>
      <types1:EntryId>1BghuImXycotFgp-gt-20380778-2022-10-17T07:16:18.51Z::conn.xml</types1:EntryId>
      <types1:Name>Conn-Azure-RESTAPI</types1:Name>
      <types1:MimeType>application/xml+connection</types1:MimeType>
      <types1:Description>Azure REST API App connection to service connector</types1:Description>
      <types1:AppliesTo/>
      <types1:Tags/>
      <types1:VersionLabel>1.0</types1:VersionLabel>
      <types1:State>CURRENT</types1:State>
      <types1:ProcessGroup/>
      <types1:CreatedBy>spvaidya_new@informatica.com</types1:CreatedBy>
      <types1:CreationDate>2022-10-17T07:16:19Z</types1:CreationDate>
      <types1:ModifiedBy>spvaidya_new@informatica.com</types1:ModifiedBy>
      <types1:ModificationDate>2022-10-18T05:39:45Z</types1:ModificationDate>
      <types1:PublicationStatus>published</types1:PublicationStatus>
      <types1:PublishedBy>spvaidya_new@informatica.com</types1:PublishedBy>
      <types1:PublicationDate>2022-10-18T06:24:45Z</types1:PublicationDate>
      <types1:PublishedContributionId>project:/rt.connection/Conn-Azure-RESTAPI/Conn-Azure-RESTAPI.conn.xml</types1:PublishedContributionId>
      <types1:AutosaveExists>false</types1:AutosaveExists>
      <types1:Entry>
         <connection xmlns="http://schemas.informatica.com/socrates/data-services/2014/04/avosConnections.xsd"
                     displayName="Conn-Azure-RESTAPI"
                     label="Conn-Azure-RESTAPI"
                     name="Conn-Azure-RESTAPI">
            <description>Azure REST API App connection to service connector</description>
            <tags/>
            <agent/>
            <attributes>
               <attribute encrypted="false"
                          name="tenant_id"
                          value="b2fbbe51-b175-4301-916b-cdd01f81f9a2"/>
            </attributes>
            <businessConnector xmlns="http://schemas.informatica.com/appmodules/screenflow/2014/04/avosConnectors.xsd"
                               agentOnly="false"
                               connectorPath="project:/rt.connector/SC_Azure_RESTAPI/SC_Azure_RESTAPI_svcDef.xml"
                               guid="21xpz4X2C9IfAnrqG5CKQP"
                               name="SC_Azure_RESTAPI"
                               supportsConnectionTest="false"
                               uuid="d873201f-ea6a-41d7-ad05-085763bf769e">
               <description>Service Connector for Azure REST API</description>
            </businessConnector>
         </connection>
      </types1:Entry>
      <types1:GUID>8T89rFhrYNFfXGxnQQhE2n</types1:GUID>
      <types1:DisplayName>Conn-Azure-RESTAPI</types1:DisplayName>
   </types1:Item>
   <types1:CurrentServerDateTime>2022-11-15T05:21:27.015Z</types1:CurrentServerDateTime>
</aetgt:getResponse>
