<aetgt:getResponse xmlns:aetgt="http://schemas.active-endpoints.com/appmodules/repository/2010/10/avrepository.xsd"
                   xmlns:types1="http://schemas.active-endpoints.com/appmodules/repository/2010/10/avrepository.xsd">
   <types1:Item>
      <types1:EntryId>goE9paabdqpw0VP-gt-8241637-2022-10-17T07:16:18.111Z::conn.xml</types1:EntryId>
      <types1:Name>Conn-IICS-RESTAPI</types1:Name>
      <types1:MimeType>application/xml+connection</types1:MimeType>
      <types1:Description>App Connection for IICS REST API Service Connector</types1:Description>
      <types1:AppliesTo/>
      <types1:Tags/>
      <types1:VersionLabel>1.0</types1:VersionLabel>
      <types1:State>CURRENT</types1:State>
      <types1:ProcessGroup/>
      <types1:CreatedBy>spvaidya_new@informatica.com</types1:CreatedBy>
      <types1:CreationDate>2022-10-17T07:16:18Z</types1:CreationDate>
      <types1:ModifiedBy>spvaidya_new@informatica.com</types1:ModifiedBy>
      <types1:ModificationDate>2022-10-17T07:36:08Z</types1:ModificationDate>
      <types1:PublicationStatus>published</types1:PublicationStatus>
      <types1:PublishedBy>spvaidya_new@informatica.com</types1:PublishedBy>
      <types1:PublicationDate>2022-11-15T04:49:50Z</types1:PublicationDate>
      <types1:PublishedContributionId>project:/rt.connection/Conn-IICS-RESTAPI/Conn-IICS-RESTAPI.conn.xml</types1:PublishedContributionId>
      <types1:AutosaveExists>false</types1:AutosaveExists>
      <types1:Entry>
         <connection xmlns="http://schemas.informatica.com/socrates/data-services/2014/04/avosConnections.xsd"
                     displayName="Conn-IICS-RESTAPI"
                     label="Conn-IICS-RESTAPI"
                     name="Conn-IICS-RESTAPI">
            <description>App Connection for IICS REST API Service Connector</description>
            <tags/>
            <agent/>
            <attributes>
               <attribute encrypted="false" name="username" value=""/>
               <attribute encrypted="false" name="password" value=""/>
               <attribute encrypted="false" name="region" value=""/>
            </attributes>
            <businessConnector xmlns="http://schemas.informatica.com/appmodules/screenflow/2014/04/avosConnectors.xsd"
                               agentOnly="false"
                               connectorPath="project:/rt.connector/SC_IICS_RESTAPI/SC_IICS_RESTAPI_svcDef.xml"
                               guid="7fh1hKQZZWhdBBYLdpuM4y"
                               name="SC_IICS_RESTAPI"
                               supportsConnectionTest="false"
                               uuid="936955a6-13a4-4c5c-897f-918dbdd6df57">
               <description/>
            </businessConnector>
         </connection>
      </types1:Entry>
      <types1:GUID>4ij85WWaEsgjBRysL3F7ki</types1:GUID>
      <types1:DisplayName>Conn-IICS-RESTAPI</types1:DisplayName>
   </types1:Item>
   <types1:CurrentServerDateTime>2022-11-15T05:21:27.202Z</types1:CurrentServerDateTime>
</aetgt:getResponse>
