<aetgt:getResponse xmlns:aetgt="http://schemas.active-endpoints.com/appmodules/repository/2010/10/avrepository.xsd"
                   xmlns:types1="http://schemas.active-endpoints.com/appmodules/repository/2010/10/avrepository.xsd">
   <types1:Item>
      <types1:EntryId>3ghDBr3rp3yD7ty-gt-20272547-2022-10-17T07:16:18.878Z::pd.xml</types1:EntryId>
      <types1:Name>ProcessKeyVaultIntegration</types1:Name>
      <types1:MimeType>application/xml+process</types1:MimeType>
      <types1:Description>Process to fetch the connection param values from Azure KeyVault and Update the IICS Connections</types1:Description>
      <types1:AppliesTo/>
      <types1:Tags>.anonymous</types1:Tags>
      <types1:VersionLabel>1.0</types1:VersionLabel>
      <types1:State>CURRENT</types1:State>
      <types1:ProcessGroup/>
      <types1:CreatedBy>spvaidya_new@informatica.com</types1:CreatedBy>
      <types1:CreationDate>2022-10-17T07:16:19Z</types1:CreationDate>
      <types1:ModifiedBy>spvaidya_new@informatica.com</types1:ModifiedBy>
      <types1:ModificationDate>2022-10-18T06:09:00Z</types1:ModificationDate>
      <types1:PublicationStatus>published</types1:PublicationStatus>
      <types1:PublishedBy>spvaidya_new@informatica.com</types1:PublishedBy>
      <types1:PublicationDate>2022-10-18T06:09:06Z</types1:PublicationDate>
      <types1:PublishedContributionId>project:/spi.ProcessKeyVaultIntegration/ProcessKeyVaultIntegration.pd.xml</types1:PublishedContributionId>
      <types1:AutosaveExists>false</types1:AutosaveExists>
      <types1:Entry>
         <process xmlns="http://schemas.active-endpoints.com/appmodules/screenflow/2010/10/avosScreenflow.xsd"
                  xmlns:tfm="http://schemas.active-endpoints.com/appmodules/screenflow/2021/04/taskflowModel.xsd"
                  xmlns:list="urn:activevos:spi:list:functions"
                  displayName="ProcessKeyVaultIntegration"
                  name="ProcessKeyVaultIntegration"
                  overrideAPIName="false">
            <parameterSet xmlns="http://schemas.active-endpoints.com/appmodules/screenflow/2021/04/taskflowModel.xsd"/>
            <appliesTo/>
            <description>Process to fetch the connection param values from Azure KeyVault and Update the IICS Connections</description>
            <tags>.anonymous</tags>
            <generator>Informatica Process Designer 11</generator>
            <input>
               <parameter description=""
                          name="in_ConnectionName"
                          required="true"
                          type="string">
                  <options>
                     <option name="required">false</option>
                  </options>
               </parameter>
               <parameter description="" name="in_username" required="true" type="string">
                  <options>
                     <option name="required">false</option>
                  </options>
               </parameter>
               <parameter description="" name="in_password" required="true" type="string">
                  <options>
                     <option name="required">false</option>
                  </options>
               </parameter>
               <parameter description=""
                          name="in_KeyVaultName"
                          required="true"
                          type="string">
                  <options>
                     <option name="required">false</option>
                  </options>
               </parameter>
               <parameter description="" name="in_ClientId" required="true" type="string">
                  <options>
                     <option name="required">false</option>
                  </options>
               </parameter>
               <parameter description=""
                          name="in_ClientSecret"
                          required="true"
                          type="string">
                  <options>
                     <option name="required">false</option>
                  </options>
               </parameter>
               <parameter description=""
                          name="in_iicsregion"
                          required="true"
                          type="string">
                  <options>
                     <option name="required">false</option>
                  </options>
               </parameter>
               <parameter description="" name="in_TenantId" required="true" type="string">
                  <options>
                     <option name="required">false</option>
                  </options>
               </parameter>
            </input>
            <tempFields>
               <field description="" name="tmp_SecretIdsList" type="objectlist">
                  <options>
                     <option name="referenceTo">$po:$any</option>
                     <option hide="true" name="multiSelect">true</option>
                     <option name="required">false</option>
                     <option name="isCopy">true</option>
                  </options>
               </field>
               <field description="" name="tmp_Head" type="reference">
                  <options>
                     <option name="referenceTo">$po:$any</option>
                     <option name="required">false</option>
                     <option name="isCopy">true</option>
                  </options>
               </field>
               <field description="" name="tmp_TailList" type="objectlist">
                  <options>
                     <option name="referenceTo">$po:$any</option>
                     <option hide="true" name="multiSelect">true</option>
                     <option name="required">false</option>
                     <option name="isCopy">true</option>
                  </options>
               </field>
               <field description="" name="tmp_Test" type="objectlist">
                  <options>
                     <option name="referenceTo">$po:$any</option>
                     <option hide="true" name="multiSelect">true</option>
                     <option name="required">false</option>
                     <option name="isCopy">true</option>
                  </options>
               </field>
               <field description="" name="tmp_CheckConnectionParam" type="string">
                  <options>
                     <option name="required">false</option>
                  </options>
               </field>
               <field description="" name="tmp_SecretName" type="string">
                  <options>
                     <option name="required">false</option>
                  </options>
               </field>
               <field description="" name="tmp_ConnectionParam" type="string">
                  <options>
                     <option name="required">false</option>
                  </options>
               </field>
               <field description="" name="tmp_Body" type="string">
                  <options>
                     <option name="required">false</option>
                  </options>
               </field>
               <field description="" name="tmp_SetProcessName" type="string">
                  <options>
                     <option name="required">false</option>
                  </options>
               </field>
            </tempFields>
            <notes/>
            <deployment skipIfRunning="false" suspendOnFault="false" tracingLevel="none">
               <rest>
                  <allowAnonymousAccess/>
               </rest>
            </deployment>
            <flow id="a">
               <start id="b">
                  <link id="l8ybdjj4" targetId="l8ybdjjc"/>
               </start>
               <eventContainer id="l8ybdjjc">
                  <service id="l8ybdjj3">
                     <title>Login_bodyInput</title>
                     <serviceName>Conn-IICS-RESTAPI:Login_bodyInput</serviceName>
                     <serviceGUID>4ij85WWaEsgjBRysL3F7ki</serviceGUID>
                     <serviceInput>
                        <parameter name="in_username" source="field" updatable="true">input.in_username</parameter>
                        <parameter name="in_password" source="field" updatable="true">input.in_password</parameter>
                        <parameter name="in_region" source="field" updatable="true">input.in_iicsregion</parameter>
                     </serviceInput>
                  </service>
                  <flow id="l8ybdjje">
                     <eventContainer id="l92bvnba">
                        <service id="l8yd73zx">
                           <title>GetBearerToken_ClientCredentials</title>
                           <serviceName>Conn-Azure-RESTAPI:GetBearerToken_ClientCredentials</serviceName>
                           <serviceGUID>8T89rFhrYNFfXGxnQQhE2n</serviceGUID>
                           <serviceInput>
                              <parameter name="client_id" source="field" updatable="true">input.in_ClientId</parameter>
                              <parameter name="client_secret" source="field" updatable="true">input.in_ClientSecret</parameter>
                              <parameter name="grant_type" source="constant">client_credentials</parameter>
                              <parameter name="resource" source="constant">https://vault.azure.net</parameter>
                              <parameter name="tenantId" source="field" updatable="true">input.in_TenantId</parameter>
                           </serviceInput>
                        </service>
                        <flow id="l92bvnbc">
                           <eventContainer id="l92bvnc4">
                              <service id="l92bvnbl">
                                 <title>GetSecretsList</title>
                                 <serviceName>Conn-Azure-RESTAPI:GetSecretsList</serviceName>
                                 <serviceGUID>8T89rFhrYNFfXGxnQQhE2n</serviceGUID>
                                 <serviceInput>
                                    <parameter name="KeyVaultName" source="field" updatable="true">input.in_KeyVaultName</parameter>
                                    <parameter name="access_token" source="field" updatable="true">output.access_token</parameter>
                                 </serviceInput>
                              </service>
                              <flow id="l92bvnc6">
                                 <assignment id="l92f8u0i">
                                    <title>Assignment to tmp_Test, tmp_SecretIdsList</title>
                                    <operation source="formula" to="temp.tmp_Test">
                                       <expression language="XQuery">for $i in fn:tokenize($output.GetSecretIdList, ",")
	return &lt;id&gt;{$i}&lt;/id&gt;</expression>
                                    </operation>
                                    <operation source="field" to="temp.tmp_SecretIdsList">temp.tmp_Test</operation>
                                    <link id="l92i6zga" targetId="l92i6zg9"/>
                                 </assignment>
                                 <container id="l92i6zg9" type="exclusive">
                                    <title>SecretIdsList?</title>
                                    <flow id="l92i6zgc">
                                       <assignment id="l92i6zh0">
                                          <title>Assignment to tmp_Head, tmp_TailList etc.</title>
                                          <operation source="formula" to="temp.tmp_Head">
                                             <expression language="XQuery">list:head($temp.tmp_SecretIdsList)</expression>
                                          </operation>
                                          <operation source="formula" to="temp.tmp_TailList">
                                             <expression language="XQuery">list:tail($temp.tmp_SecretIdsList  )</expression>
                                          </operation>
                                          <operation source="field" to="temp.tmp_SecretIdsList">temp.tmp_TailList</operation>
                                          <link id="l92kzq7k" targetId="l92kzq7j"/>
                                       </assignment>
                                       <assignment id="l92kzq7j">
                                          <title>Assignment to tmp_CheckConnectionParam</title>
                                          <operation source="formula" to="temp.tmp_CheckConnectionParam">
                                             <expression language="XQuery">let $x:=if(contains($temp.tmp_Head,$input.in_ConnectionName)) then "1" else "0"
return $x</expression>
                                          </operation>
                                          <link id="l983c261" targetId="l92kzqav"/>
                                       </assignment>
                                       <container id="l92kzqav" type="exclusive">
                                          <title>tmp_CheckConnectionParam?</title>
                                          <flow id="l92kzqaz">
                                             <assignment id="l92kzqvu">
                                                <title>Get SecretName &amp; ConnParam</title>
                                                <operation source="formula" to="temp.tmp_SecretName">
                                                   <expression language="XQuery">fn:tokenize($temp.tmp_Head,"/")[list:count(fn:tokenize($temp.tmp_Head,"/"))]
</expression>
                                                </operation>
                                                <operation source="formula" to="temp.tmp_ConnectionParam">
                                                   <expression language="XQuery">fn:tokenize($temp.tmp_SecretName,$input.in_ConnectionName )[list:count(fn:tokenize($temp.tmp_SecretName,$input.in_ConnectionName ))]</expression>
                                                </operation>
                                                <link id="l95o3t4x" targetId="l92kzqz7"/>
                                             </assignment>
                                             <eventContainer id="l92kzqz7">
                                                <service id="l92kzqov">
                                                   <title>GetSecretValue</title>
                                                   <serviceName>Conn-Azure-RESTAPI:GetSecretValue</serviceName>
                                                   <serviceGUID>8T89rFhrYNFfXGxnQQhE2n</serviceGUID>
                                                   <serviceInput>
                                                      <parameter name="url" source="formula">
                                                         <expression language="XQuery">data($temp.tmp_Head )</expression>
                                                      </parameter>
                                                      <parameter name="access_token" source="field" updatable="true">output.access_token</parameter>
                                                   </serviceInput>
                                                </service>
                                                <flow id="l92kzqz9">
                                                   <eventContainer id="l983c2ha">
                                                      <service id="l983c2hd">
                                                         <title>GetConnectionDetails</title>
                                                         <serviceName>Conn-IICS-RESTAPI:GetConnectionDetails</serviceName>
                                                         <serviceGUID>4ij85WWaEsgjBRysL3F7ki</serviceGUID>
                                                         <serviceInput>
                                                            <parameter name="serverUrl" source="field" updatable="true">output.o_serverUrl</parameter>
                                                            <parameter name="icSessionId" source="field" updatable="true">output.o_icSessionId</parameter>
                                                            <parameter name="ConnectionName" source="field" updatable="true">input.in_ConnectionName</parameter>
                                                            <parameter name="in_ConnParam" source="field" updatable="true">temp.tmp_ConnectionParam</parameter>
                                                            <parameter name="in_SecretVal" source="field" updatable="true">output.SecretValue</parameter>
                                                         </serviceInput>
                                                      </service>
                                                      <flow id="l983c2hb">
                                                         <assignment id="l983c2kk">
                                                            <title>Assignment to tmp_Body</title>
                                                            <operation source="field" to="temp.tmp_Body">output.JsonUpdatedBody</operation>
                                                            <link id="l983c2lj" targetId="l9drkc7b"/>
                                                         </assignment>
                                                         <eventContainer id="l9drkc7b">
                                                            <service id="l983c2li">
                                                               <title>UpdateConnection</title>
                                                               <serviceName>Conn-IICS-RESTAPI:UpdateConnection</serviceName>
                                                               <serviceGUID>4ij85WWaEsgjBRysL3F7ki</serviceGUID>
                                                               <serviceInput>
                                                                  <parameter name="serverUrl" source="field" updatable="true">output.o_serverUrl</parameter>
                                                                  <parameter name="icSessionId" source="field" updatable="true">output.o_icSessionId</parameter>
                                                                  <parameter name="ConnectionId" source="field" updatable="true">output.o_ConnectionId</parameter>
                                                                  <parameter name="body" source="field" updatable="true">output.JsonUpdatedBody</parameter>
                                                               </serviceInput>
                                                            </service>
                                                            <flow id="l9drkc7d">
                                                               <link id="l9drkc7e" targetId="l9drkc7b" type="containerLink"/>
                                                            </flow>
                                                            <flow id="l9drkc7g">
                                                               <assignment id="l9drkce2">
                                                                  <title>Process_UpdateIICSConnectionFailure</title>
                                                                  <operation source="formula" to="temp.tmp_SetProcessName">
                                                                     <expression language="XQuery">ipd:setProcessTitle("[FailedIICSConnectionUpdate] ProcessKeyVaultIntegration")</expression>
                                                                  </operation>
                                                                  <link id="l9drkce3" targetId="l9drkc7w"/>
                                                               </assignment>
                                                               <throw id="l9drkc7w">
                                                                  <title>Throw 6</title>
                                                                  <throwInput>
                                                                     <parameter name="code" source="field" updatable="true">output.faultInfo[1]/code</parameter>
                                                                     <parameter name="detail" source="field" updatable="true">output.faultInfo[1]/detail</parameter>
                                                                     <parameter name="reason" source="field" updatable="true">output.faultInfo[1]/reason</parameter>
                                                                  </throwInput>
                                                               </throw>
                                                            </flow>
                                                            <link id="l9drkc7c" targetId="l9drkc7d" type="containerLink"/>
                                                            <events>
                                                               <catch faultField="faultInfo" id="l9drkc7a" interrupting="true">
                                                                  <link id="l9drkc7f" targetId="l9drkc7g" type="containerLink"/>
                                                               </catch>
                                                            </events>
                                                         </eventContainer>
                                                         <link id="l983c2hg" targetId="l983c2ha" type="containerLink"/>
                                                      </flow>
                                                      <flow id="l983c2hc">
                                                         <assignment id="l9drkcbf">
                                                            <title>Process_GetIICSConnectionFailure</title>
                                                            <operation source="formula" to="temp.tmp_SetProcessName">
                                                               <expression language="XQuery">ipd:setProcessTitle("[IICSConnectionFailure] ProcessKeyVaultIntegration")</expression>
                                                            </operation>
                                                            <link id="l9drkcbg" targetId="l983c2mm"/>
                                                         </assignment>
                                                         <throw id="l983c2mm">
                                                            <title>Throw 1</title>
                                                            <throwInput>
                                                               <parameter name="code" source="field" updatable="true">output.faultInfo[1]/code</parameter>
                                                               <parameter name="detail" source="field" updatable="true">output.faultInfo[1]/detail</parameter>
                                                               <parameter name="reason" source="field" updatable="true">output.faultInfo[1]/reason</parameter>
                                                            </throwInput>
                                                         </throw>
                                                      </flow>
                                                      <link id="l983c2he" targetId="l983c2hb" type="containerLink"/>
                                                      <events>
                                                         <catch faultField="faultInfo" id="l92kzr0c" interrupting="true">
                                                            <link id="l983c2hf" targetId="l983c2hc" type="containerLink"/>
                                                         </catch>
                                                      </events>
                                                   </eventContainer>
                                                   <link id="l92kzqza" targetId="l92kzqz7" type="containerLink"/>
                                                </flow>
                                                <flow id="l92kzqzc">
                                                   <assignment id="l9drkc5d">
                                                      <title>Process_GetSecretVauleFailure</title>
                                                      <operation source="formula" to="temp.tmp_SetProcessName">
                                                         <expression language="XQuery">ipd:setProcessTitle("[GetSecretValueFailure] ProcessKeyVaultIntegration")</expression>
                                                      </operation>
                                                      <link id="l9drkc5e" targetId="l983c2pt"/>
                                                   </assignment>
                                                   <throw id="l983c2pt">
                                                      <title>Throw 2</title>
                                                      <throwInput>
                                                         <parameter name="code" source="field" updatable="true">output.faultInfo[1]/code</parameter>
                                                         <parameter name="detail" source="field" updatable="true">output.faultInfo[1]/detail</parameter>
                                                         <parameter name="reason" source="field" updatable="true">output.faultInfo[1]/reason</parameter>
                                                      </throwInput>
                                                   </throw>
                                                </flow>
                                                <link id="l92kzqz8" targetId="l92kzqz9" type="containerLink"/>
                                                <events>
                                                   <catch faultField="faultInfo" id="l92kzqwp" interrupting="true">
                                                      <link id="l92kzqzb" targetId="l92kzqzc" type="containerLink"/>
                                                   </catch>
                                                </events>
                                             </eventContainer>
                                             <link id="l92kzqb0" targetId="l92kzqav" type="containerLink"/>
                                          </flow>
                                          <flow id="l92kzqb2">
                                             <link id="l92kzqb3" targetId="l92kzqav" type="containerLink"/>
                                          </flow>
                                          <link id="l92kzqay" targetId="l92kzqaz" type="containerLink">
                                             <condition source="formula">
                                                <function name="contains">
                                                   <arg name="left">{$temp.tmp_CheckConnectionParam}</arg>
                                                   <arg name="right">1</arg>
                                                </function>
                                             </condition>
                                          </link>
                                          <link id="l92kzqb1" targetId="l92kzqb2" type="containerLink"/>
                                          <link id="l92kzqbi" targetId="l92i6zlx"/>
                                       </container>
                                       <container id="l92i6zlx" type="exclusive">
                                          <title>tmp_TailList</title>
                                          <flow id="l92i6zm0">
                                             <jumpTo id="l92i6zms">
                                                <link id="l92i6zmt" targetId="l92i6zg9"/>
                                             </jumpTo>
                                          </flow>
                                          <flow id="l92i6zm3">
                                             <link id="l92i6zm4" targetId="l92i6zlx" type="containerLink"/>
                                          </flow>
                                          <link id="l92i6zlz" targetId="l92i6zm0" type="containerLink">
                                             <condition source="formula">
                                                <function name="not-empty">
                                                   <arg name="field">{$temp.tmp_TailList}</arg>
                                                </function>
                                             </condition>
                                          </link>
                                          <link id="l92i6zm2" targetId="l92i6zm3" type="containerLink">
                                             <condition source="formula">
                                                <function name="empty">
                                                   <arg name="field">{$temp.tmp_TailList}</arg>
                                                </function>
                                             </condition>
                                          </link>
                                       </container>
                                       <link id="l92i6zgd" targetId="l92i6zg9" type="containerLink"/>
                                    </flow>
                                    <flow id="l92i6zgf">
                                       <link id="l92i6zgg" targetId="l92i6zg9" type="containerLink"/>
                                    </flow>
                                    <link id="l92i6zgb" targetId="l92i6zgc" type="containerLink">
                                       <condition source="formula">
                                          <function name="not-empty">
                                             <arg name="field">{$temp.tmp_SecretIdsList}</arg>
                                          </function>
                                       </condition>
                                    </link>
                                    <link id="l92i6zge" targetId="l92i6zgf" type="containerLink">
                                       <condition source="formula">
                                          <function name="empty">
                                             <arg name="field">{$temp.tmp_SecretIdsList}</arg>
                                          </function>
                                       </condition>
                                    </link>
                                 </container>
                                 <link id="l92bvnc7" targetId="l92bvnc4" type="containerLink"/>
                              </flow>
                              <flow id="l92bvnc9">
                                 <assignment id="l9drkc44">
                                    <title>Process_GetSecretsFailure</title>
                                    <operation source="formula" to="temp.tmp_SetProcessName">
                                       <expression language="XQuery">ipd:setProcessTitle("[GetSecretsFailure] ProcessKeyVaultIntegration")</expression>
                                    </operation>
                                    <link id="l9drkc45" targetId="l983c2sy"/>
                                 </assignment>
                                 <throw id="l983c2sy">
                                    <title>Throw 3</title>
                                    <throwInput>
                                       <parameter name="code" source="field" updatable="true">output.faultInfo[1]/code</parameter>
                                       <parameter name="detail" source="field" updatable="true">output.faultInfo[1]/detail</parameter>
                                       <parameter name="reason" source="field" updatable="true">output.faultInfo[1]/reason</parameter>
                                    </throwInput>
                                 </throw>
                              </flow>
                              <link id="l92bvnc5" targetId="l92bvnc6" type="containerLink"/>
                              <events>
                                 <catch faultField="faultInfo" id="l92bvnc3" interrupting="true">
                                    <link id="l92bvnc8" targetId="l92bvnc9" type="containerLink"/>
                                 </catch>
                              </events>
                           </eventContainer>
                           <link id="l92bvnbd" targetId="l92bvnba" type="containerLink"/>
                        </flow>
                        <flow id="l92bvnbf">
                           <assignment id="l9drkc1p">
                              <title>Process_AzureLoginFailure</title>
                              <operation source="formula" to="temp.tmp_SetProcessName">
                                 <expression language="XQuery">ipd:setProcessTitle("[AzureLoginFailure] ProcessKeyVaultIntegration")</expression>
                              </operation>
                              <link id="l9drkc1q" targetId="l983c2vp"/>
                           </assignment>
                           <throw id="l983c2vp">
                              <title>Throw 4</title>
                              <throwInput>
                                 <parameter name="code" source="field" updatable="true">output.faultInfo[1]/code</parameter>
                                 <parameter name="detail" source="field" updatable="true">output.faultInfo[1]/detail</parameter>
                                 <parameter name="reason" source="field" updatable="true">output.faultInfo[1]/reason</parameter>
                              </throwInput>
                           </throw>
                        </flow>
                        <link id="l92bvnbb" targetId="l92bvnbc" type="containerLink"/>
                        <events>
                           <catch faultField="faultInfo" id="l92bvnb9" interrupting="true">
                              <link id="l92bvnbe" targetId="l92bvnbf" type="containerLink"/>
                           </catch>
                        </events>
                     </eventContainer>
                     <link id="l8ybdjjf" targetId="l8ybdjjc" type="containerLink"/>
                  </flow>
                  <flow id="l8ybdjjh">
                     <assignment id="l9drkby4">
                        <title>Process_LoginError</title>
                        <operation source="formula" to="temp.tmp_SetProcessName">
                           <expression language="XQuery">ipd:setProcessTitle("[IICSLoginFailure] ProcessKeyVaultIntegration")</expression>
                        </operation>
                        <link id="l9drkby5" targetId="l983c2xx"/>
                     </assignment>
                     <throw id="l983c2xx">
                        <title>Throw 5</title>
                        <throwInput>
                           <parameter name="code" source="field" updatable="true">output.faultInfo[1]/code</parameter>
                           <parameter name="detail" source="field" updatable="true">output.faultInfo[1]/detail</parameter>
                           <parameter name="reason" source="field" updatable="true">output.faultInfo[1]/reason</parameter>
                        </throwInput>
                     </throw>
                  </flow>
                  <link id="l8ybdjjd" targetId="l8ybdjje" type="containerLink"/>
                  <link id="l8ybdjj5" targetId="c"/>
                  <events>
                     <catch faultField="faultInfo" id="l8ybdjj7" interrupting="true">
                        <link id="l8ybdjjg" targetId="l8ybdjjh" type="containerLink"/>
                     </catch>
                  </events>
               </eventContainer>
               <end id="c"/>
            </flow>
         </process>
         <ns1:sample-data-sets xmlns:ns1="http://schemas.active-endpoints.com/appmodules/repository/2010/10/sampleData.xsd">
            <ns1:SampleData>
               <ns1:Id>4a7ee9b1-4e38-4f98-9928-e44bf17ca40f</ns1:Id>
               <ns1:Name>Test1</ns1:Name>
               <ns1:CreatedBy>spvaidya_new@informatica.com</ns1:CreatedBy>
               <ns1:CreationDate>2022-10-17T07:16:19Z</ns1:CreationDate>
               <ns1:ModifiedBy>spvaidya_new@informatica.com</ns1:ModifiedBy>
               <ns1:ModificationDate>2022-11-15T05:20:59Z</ns1:ModificationDate>
               <ns1:Data format="json">{
	 "in_ConnectionName": "AzureSQLServer1",
	 "in_username": "spvaidya_new@informatica.com",
	 "in_password": "",
         "in_iicsregion":"us",
	 "in_KeyVaultName": "kv-iicsdev",
        "in_TenantId":"2638f43e-f77d-4fc7-ab92-7b753b7876fd",
	 "in_ClientId": "",
	 "in_ClientSecret": ""


}</ns1:Data>
            </ns1:SampleData>
         </ns1:sample-data-sets>
      </types1:Entry>
      <types1:GUID>jp1RruDT7ezgVH3AkCzKsy</types1:GUID>
      <types1:DisplayName>ProcessKeyVaultIntegration</types1:DisplayName>
   </types1:Item>
   <types1:CurrentServerDateTime>2022-11-15T05:21:27.294Z</types1:CurrentServerDateTime>
</aetgt:getResponse>
