<aetgt:getResponse xmlns:aetgt="http://schemas.active-endpoints.com/appmodules/repository/2010/10/avrepository.xsd"
                   xmlns:types1="http://schemas.active-endpoints.com/appmodules/repository/2010/10/avrepository.xsd">
   <types1:Item>
      <types1:EntryId>oZduD2L5SeE1KoJ-gt-25274248-2022-07-19T07:09:32.416Z::svc.xml</types1:EntryId>
      <types1:Name>SC_IICS_RESTAPI</types1:Name>
      <types1:ParentFlowIds>6MlRoPzjlybduaa-gt-25145913-2022-07-19T07:35:09.925Z::conn.xml,bcgiciT6sFsdsFs-gt-24001577-2022-10-18T06:14:32.018Z::conn.xml,goE9paabdqpw0VP-gt-8241637-2022-10-17T07:16:18.111Z::conn.xml</types1:ParentFlowIds>
      <types1:MimeType>application/xml+businesssconnector</types1:MimeType>
      <types1:Description>IICS REST API Service Connector</types1:Description>
      <types1:AppliesTo/>
      <types1:Tags/>
      <types1:VersionLabel>1.0</types1:VersionLabel>
      <types1:State>CURRENT</types1:State>
      <types1:ProcessGroup/>
      <types1:CreatedBy>spvaidya_new@informatica.com</types1:CreatedBy>
      <types1:CreationDate>2022-07-19T07:09:32Z</types1:CreationDate>
      <types1:ModifiedBy>spvaidya_new@informatica.com</types1:ModifiedBy>
      <types1:ModificationDate>2022-11-15T05:06:39Z</types1:ModificationDate>
      <types1:PublicationStatus>published</types1:PublicationStatus>
      <types1:PublishedBy>spvaidya_new@informatica.com</types1:PublishedBy>
      <types1:PublicationDate>2022-11-15T05:06:42Z</types1:PublicationDate>
      <types1:PublishedContributionId>project:/rt.connector/SC_IICS_RESTAPI/SC_IICS_RESTAPI_svcDef.xml</types1:PublishedContributionId>
      <types1:AutosaveExists>false</types1:AutosaveExists>
      <types1:Entry>
         <businessConnector xmlns="http://schemas.informatica.com/socrates/data-services/2014/05/business-connector-model.xsd"
                            agentOnly="false"
                            debug="false"
                            displayName="SC_IICS_RESTAPI"
                            label=""
                            name="SC_IICS_RESTAPI"
                            uuid="936955a6-13a4-4c5c-897f-918dbdd6df57">
            <description>IICS REST API Service Connector</description>
            <tags/>
            <connectionAttributes xmlns="http://schemas.informatica.com/appmodules/screenflow/2014/04/avosConnectors.xsd">
               <connectionAttribute description=""
                                    masked="false"
                                    name="username"
                                    required="false"
                                    testWith=""
                                    type="string"/>
               <connectionAttribute description=""
                                    masked="false"
                                    name="password"
                                    required="false"
                                    testWith=""
                                    type="string"/>
               <connectionAttribute description=""
                                    masked="false"
                                    name="region"
                                    required="false"
                                    testWith="us"
                                    type="string"/>
            </connectionAttributes>
            <actions>
               <action category=""
                       failOnError="true"
                       forSearch="false"
                       label="Login"
                       maxRedirects="100"
                       name="Login"
                       preemptiveAuth="true"
                       responseEncoding="">
                  <description/>
                  <input/>
                  <binding>
                     <restSimpleBinding multiUsing="semicolonSeparated"
                                        url="https://dm-{$region}.informaticacloud.com/ma/api/v2/user/login"
                                        verb="POST">
                        <mutualAuth enabled="false">
                           <keyStore mode="file"/>
                           <keyStorePassword/>
                        </mutualAuth>
                        <httpHeaders>
                           <header name="Accept">application/json</header>
                           <header name="Content-Type">application/json</header>
                        </httpHeaders>
                        <body>{{
"username": "{$username}",
   "password": "{$password}"
  }}</body>
                     </restSimpleBinding>
                  </binding>
                  <output>
                     <field description=""
                            name="icSessionId"
                            property="icSessionId"
                            type="string"/>
                     <field description=""
                            name="serverUrl"
                            property="serverUrl"
                            type="string"/>
                     <field description="" name="spiUrl" property="spiUrl" type="string"/>
                     <field description="" name="orgUuid" property="orgUuid" type="string"/>
                  </output>
               </action>
               <action category="Connection"
                       failOnError="true"
                       forSearch="false"
                       inherits="Basic_POST_v2"
                       label="Create_FlatFile_Connection"
                       maxRedirects="100"
                       name="Create_FlatFile_Connection"
                       preemptiveAuth="true"
                       responseEncoding="">
                  <description/>
                  <inheritanceMetadata>
                     <section type="input">
                        <section type="inputParameters">
                           <attribute inherit="inherit" name="serverUrl" type="parameter"/>
                           <attribute inherit="inherit" name="icSessionId" type="parameter"/>
                        </section>
                     </section>
                     <section type="output">
                        <section type="outputFields"/>
                     </section>
                     <section type="restSimpleBinding">
                        <attribute inherit="extend" name="url" type="url"/>
                        <section type="body">
                           <attribute inherit="overwrite" name="generateUsing" type="generateUsing"/>
                        </section>
                        <section type="httpHeaders">
                           <attribute inherit="inherit" name="Accept" type="header"/>
                           <attribute inherit="inherit" name="Content-Type" type="header"/>
                           <attribute inherit="inherit" name="icSessionId" type="header"/>
                        </section>
                        <section type="otherParams"/>
                     </section>
                  </inheritanceMetadata>
                  <input>
                     <parameter name="orgId" required="true" testWith="01C29Z" type="string"/>
                     <parameter name="ConnectionName"
                                required="false"
                                testWith="test"
                                type="string"/>
                     <parameter name="dateFormat"
                                required="false"
                                testWith="MM/dd/yyyy"
                                type="string"/>
                     <parameter name="dir" required="true" testWith="/home" type="string"/>
                     <parameter name="codepage" required="true" testWith="UTF-8" type="string"/>
                     <parameter name="agentGroupId"
                                required="true"
                                testWith="01C29Z2500000000000S"
                                type="string"/>
                  </input>
                  <binding>
                     <restSimpleBinding url="/connection" verb="POST">
                        <mutualAuth enabled="false">
                           <keyStore/>
                           <keyStorePassword/>
                        </mutualAuth>
                        <body>{{
    "@type": "connection",
    "orgId": "{$orgId }",
    "name": "{$ConnectionName }",
    "runtimeEnvironmentId": "{$agentGroupId }",
    "dateFormat": "{$dateFormat }",
    "database": "{$dir}",
    "codepage": "{$codepage}",
    "type": "CSVFile" 
}}</body>
                     </restSimpleBinding>
                  </binding>
                  <output/>
               </action>
               <action category=""
                       failOnError="true"
                       forSearch="false"
                       isAbstract="true"
                       label="Basic_POST_v2"
                       maxRedirects="100"
                       name="Basic_POST_v2"
                       preemptiveAuth="true"
                       responseEncoding="">
                  <description/>
                  <input>
                     <parameter name="serverUrl"
                                required="true"
                                testWith="https://use4.dm-us.informaticacloud.com/saas"
                                type="string"/>
                     <parameter name="icSessionId"
                                required="true"
                                testWith="52YGIrJoReRicqef1CqRqa"
                                type="string"/>
                  </input>
                  <binding>
                     <restSimpleBinding multiUsing="semicolonSeparated"
                                        url="{$serverUrl}/api/v2"
                                        verb="POST">
                        <mutualAuth enabled="false">
                           <keyStore mode="file"/>
                           <keyStorePassword/>
                        </mutualAuth>
                        <httpHeaders>
                           <header name="Accept">application/json</header>
                           <header name="Content-Type">application/json</header>
                           <header name="icSessionId">{$icSessionId}</header>
                        </httpHeaders>
                        <body generateUsing="JSON" preserveJsonStringFormatting="true"/>
                     </restSimpleBinding>
                  </binding>
                  <output/>
               </action>
               <action category=""
                       failOnError="true"
                       forSearch="false"
                       inherits="Basic_GET_v2"
                       label="GetOrgId"
                       maxRedirects="100"
                       name="GetOrgId"
                       preemptiveAuth="true"
                       responseEncoding="">
                  <description/>
                  <inheritanceMetadata>
                     <section type="input">
                        <section type="inputParameters">
                           <attribute inherit="inherit" name="serverUrl" type="parameter"/>
                           <attribute inherit="inherit" name="icSessionId" type="parameter"/>
                        </section>
                     </section>
                     <section type="output">
                        <section type="outputFields"/>
                     </section>
                     <section type="restSimpleBinding">
                        <attribute inherit="extend" name="url" type="url"/>
                        <section type="httpHeaders">
                           <attribute inherit="inherit" name="Accept" type="header"/>
                           <attribute inherit="inherit" name="Content-Type" type="header"/>
                           <attribute inherit="inherit" name="icSessionId" type="header"/>
                        </section>
                        <section type="otherParams"/>
                     </section>
                  </inheritanceMetadata>
                  <input/>
                  <binding>
                     <restSimpleBinding url="/org" verb="GET">
                        <mutualAuth enabled="false">
                           <keyStore/>
                           <keyStorePassword/>
                        </mutualAuth>
                     </restSimpleBinding>
                  </binding>
                  <output>
                     <field description="" name="id" property="id" type="string"/>
                     <field description="" name="subOrgs" type="reference">
                        <options>
                           <option name="referenceTo"/>
                        </options>
                        <xquery>{let $data:= for $i in $RESTResponse/*:payload
	return data($i)
let $x:=util:parseJSON($data) 
for $i in $x[1]/subOrgs
	return concat($i/name/text(),",")}</xquery>
                     </field>
                  </output>
               </action>
               <action category=""
                       failOnError="true"
                       forSearch="false"
                       isAbstract="true"
                       label="Basic_GET_v2"
                       maxRedirects="100"
                       name="Basic_GET_v2"
                       preemptiveAuth="true"
                       responseEncoding="">
                  <description/>
                  <input>
                     <parameter name="serverUrl"
                                nogen="true"
                                required="true"
                                testWith="https://na1.dm-us.informaticacloud.com/saas"
                                type="string"/>
                     <parameter name="icSessionId"
                                nogen="true"
                                required="true"
                                testWith="2j8fO4s5wcclIQZMdufGer"
                                type="string"/>
                  </input>
                  <binding>
                     <restSimpleBinding multiUsing="semicolonSeparated"
                                        url="{$serverUrl}/api/v2"
                                        verb="GET">
                        <mutualAuth enabled="false">
                           <keyStore mode="file"/>
                           <keyStorePassword/>
                        </mutualAuth>
                        <httpHeaders>
                           <header name="Accept">application/json</header>
                           <header name="Content-Type">application/json</header>
                           <header name="icSessionId">{$icSessionId}</header>
                        </httpHeaders>
                     </restSimpleBinding>
                  </binding>
                  <output/>
               </action>
               <action category=""
                       failOnError="true"
                       forSearch="false"
                       inherits="Basic_GET_v2"
                       label="GetAgentGroupId"
                       maxRedirects="100"
                       name="GetAgentGroupId"
                       preemptiveAuth="true"
                       responseEncoding="">
                  <description/>
                  <inheritanceMetadata>
                     <section type="input">
                        <section type="inputParameters">
                           <attribute inherit="inherit" name="serverUrl" type="parameter"/>
                           <attribute inherit="inherit" name="icSessionId" type="parameter"/>
                        </section>
                     </section>
                     <section type="output">
                        <section type="outputFields"/>
                     </section>
                     <section type="restSimpleBinding">
                        <attribute inherit="overwrite" name="url" type="url"/>
                        <section type="httpHeaders">
                           <attribute inherit="inherit" name="Accept" type="header"/>
                           <attribute inherit="inherit" name="Content-Type" type="header"/>
                           <attribute inherit="inherit" name="icSessionId" type="header"/>
                        </section>
                        <section type="otherParams"/>
                     </section>
                  </inheritanceMetadata>
                  <input>
                     <parameter name="AgentGroupName"
                                nogen="true"
                                required="false"
                                testWith="AgentGroup1"
                                type="string"/>
                  </input>
                  <binding>
                     <restSimpleBinding url="{$serverUrl}/api/v2/runtimeEnvironment/name/{$AgentGroupName }"
                                        verb="GET">
                        <mutualAuth enabled="false">
                           <keyStore/>
                           <keyStorePassword/>
                        </mutualAuth>
                     </restSimpleBinding>
                  </binding>
                  <output>
                     <field description="" name="id" property="agentGroupId" type="string"/>
                  </output>
               </action>
               <action category=""
                       failOnError="true"
                       forSearch="false"
                       inherits="Basic_GET_v2"
                       label="GetSubOrgs"
                       maxRedirects="100"
                       name="GetSubOrgs"
                       preemptiveAuth="true"
                       responseEncoding="">
                  <description/>
                  <inheritanceMetadata>
                     <section type="input">
                        <section type="inputParameters">
                           <attribute inherit="inherit" name="serverUrl" type="parameter"/>
                           <attribute inherit="inherit" name="icSessionId" type="parameter"/>
                        </section>
                     </section>
                     <section type="output">
                        <section type="outputFields"/>
                     </section>
                     <section type="restSimpleBinding">
                        <attribute inherit="extend" name="url" type="url"/>
                        <section type="httpHeaders">
                           <attribute inherit="inherit" name="Accept" type="header"/>
                           <attribute inherit="inherit" name="Content-Type" type="header"/>
                           <attribute inherit="inherit" name="icSessionId" type="header"/>
                        </section>
                        <section type="otherParams"/>
                     </section>
                  </inheritanceMetadata>
                  <input/>
                  <binding>
                     <restSimpleBinding url="/org" verb="GET">
                        <mutualAuth enabled="false">
                           <keyStore/>
                           <keyStorePassword/>
                        </mutualAuth>
                     </restSimpleBinding>
                  </binding>
                  <output>
                     <field description="" name="SubOrgs" type="reference">
                        <options>
                           <option name="referenceTo">$any</option>
                        </options>
                        <xquery>{let $data:= for $i in $RESTResponse/*:payload
	return data($i)
let $x:=util:parseJSON($data) 
for $i in $x[1]/subOrgs
	return concat($i/name/text(),",")}</xquery>
                     </field>
                  </output>
               </action>
               <action category=""
                       failOnError="true"
                       forSearch="false"
                       label="GetProjectList_v3"
                       maxRedirects="100"
                       name="GetProjectList_v3"
                       preemptiveAuth="true"
                       responseEncoding="">
                  <description/>
                  <input>
                     <parameter name="serverURL"
                                required="true"
                                testWith="https://na1.dm-us.informaticacloud.com/saas"
                                type="string"/>
                     <parameter name="icSessionId"
                                required="true"
                                testWith="7P3UDu20ZQ2hhjvApfavK6"
                                type="string"/>
                  </input>
                  <binding>
                     <restSimpleBinding multiUsing="semicolonSeparated"
                                        url="{$serverURL}/public/core/v3/objects?q=type=='Project'"
                                        verb="GET">
                        <mutualAuth enabled="false">
                           <keyStore mode="file"/>
                           <keyStorePassword/>
                        </mutualAuth>
                        <httpHeaders>
                           <header name="Accept">application/json</header>
                           <header name="Content-Type">application/json</header>
                           <header name="INFA-SESSION-ID">{$icSessionId}</header>
                        </httpHeaders>
                     </restSimpleBinding>
                  </binding>
                  <output>
                     <field description="" name="path" type="reference">
                        <options>
                           <option name="referenceTo"/>
                        </options>
                        <xquery>{for $i in //root/objects
	return concat(data($i/path),',')}</xquery>
                     </field>
                  </output>
               </action>
               <action category=""
                       failOnError="true"
                       forSearch="false"
                       label="Login_bodyInput"
                       maxRedirects="100"
                       name="Login_bodyInput"
                       preemptiveAuth="true"
                       responseEncoding="">
                  <description/>
                  <input>
                     <parameter name="in_username"
                                nogen="true"
                                required="true"
                                testWith=""
                                type="string"/>
                     <parameter name="in_password"
                                nogen="true"
                                required="true"
                                testWith=""
                                type="string"/>
                     <parameter name="in_region"
                                nogen="true"
                                required="true"
                                testWith="us"
                                type="string"/>
                  </input>
                  <binding>
                     <restSimpleBinding multiUsing="semicolonSeparated"
                                        url="https://dm-{$in_region}.informaticacloud.com/ma/api/v2/user/login"
                                        verb="POST">
                        <mutualAuth enabled="false">
                           <keyStore mode="file"/>
                           <keyStorePassword/>
                        </mutualAuth>
                        <httpHeaders>
                           <header name="Accept">application/json</header>
                           <header name="Content-Type">application/json</header>
                        </httpHeaders>
                        <body>{{
"username": "{$in_username }",
   "password": "{$in_password }"
  }}</body>
                     </restSimpleBinding>
                  </binding>
                  <output>
                     <field description=""
                            name="o_serverUrl"
                            property="serverUrl"
                            type="string"/>
                     <field description=""
                            name="o_icSessionId"
                            property="icSessionId"
                            type="string"/>
                  </output>
               </action>
               <action category="Connection"
                       failOnError="true"
                       forSearch="false"
                       inherits="Basic_GET_v2"
                       label="GetConnectionDetails"
                       maxRedirects="100"
                       name="GetConnectionDetails"
                       preemptiveAuth="true"
                       responseEncoding="">
                  <description/>
                  <inheritanceMetadata>
                     <section type="input">
                        <section type="inputParameters">
                           <attribute inherit="inherit" name="serverUrl" type="parameter"/>
                           <attribute inherit="inherit" name="icSessionId" type="parameter"/>
                        </section>
                     </section>
                     <section type="output">
                        <section type="outputFields"/>
                     </section>
                     <section type="restSimpleBinding">
                        <attribute inherit="overwrite" name="url" type="url"/>
                        <section type="httpHeaders">
                           <attribute inherit="inherit" name="Accept" type="header"/>
                           <attribute inherit="inherit" name="Content-Type" type="header"/>
                           <attribute inherit="inherit" name="icSessionId" type="header"/>
                        </section>
                        <section type="otherParams"/>
                     </section>
                  </inheritanceMetadata>
                  <input>
                     <parameter name="ConnectionName"
                                nogen="true"
                                required="true"
                                testWith="SnowflakeTrial"
                                type="string"/>
                     <parameter name="in_ConnParam"
                                nogen="true"
                                required="false"
                                testWith="user"
                                type="string"/>
                     <parameter name="in_SecretVal"
                                nogen="true"
                                required="false"
                                testWith="spvaidya"
                                type="string"/>
                  </input>
                  <binding>
                     <restSimpleBinding url="{$serverUrl}/api/v2/connection/name/{$ConnectionName }" verb="GET">
                        <mutualAuth enabled="false">
                           <keyStore/>
                           <keyStorePassword/>
                        </mutualAuth>
                     </restSimpleBinding>
                  </binding>
                  <output>
                     <field description=""
                            entireResponse="true"
                            name="OutputResponse"
                            type="reference">
                        <options>
                           <option name="referenceTo"/>
                        </options>
                     </field>
                     <field description=""
                            name="o_ConnectionId"
                            property="id"
                            type="string"/>
                     <field description="" name="JsonUpdatedBody" type="string">
                        <xquery>{let $x:=$OutputResponse/*[name()=$in_ConnParam ]/data()
let $agentId:=$OutputResponse/*[name()="agentId"]/data()
let $runtimeEnvironmentId:=$OutputResponse/*[name()="runtimeEnvironmentId"]/data()
let $y:= if(empty($x) or $x="")then($OutputResponse/*/*[name()=$in_ConnParam ]/data()) else ($x)
let $ConnParameterflag:=if(empty($x) or $x="") then "1" else "0"

let $body1:=&lt;root&gt;{{
"@type":"connection",
 "agentId": "{$agentId}",
    "runtimeEnvironmentId": "{$runtimeEnvironmentId}",
    "{$in_ConnParam}":"{$in_SecretVal}"
}}&lt;/root&gt;

let $body2:=&lt;root&gt;{{
"@type":"connection",
 "agentId": "{$agentId}",
    "runtimeEnvironmentId": "{$runtimeEnvironmentId}",
    "connParams":{{
    "{$in_ConnParam}":"{$in_SecretVal}"}}
}}&lt;/root&gt;

return 
if($ConnParameterflag="0" )
then($body1/data())

else ($body2/data())}</xquery>
                     </field>
                  </output>
               </action>
               <action category="Connection"
                       failOnError="true"
                       forSearch="false"
                       inherits="Basic_POST_v2"
                       label="UpdateConnection"
                       maxRedirects="100"
                       name="UpdateConnection"
                       preemptiveAuth="true"
                       responseEncoding="">
                  <description/>
                  <inheritanceMetadata>
                     <section type="input">
                        <section type="inputParameters">
                           <attribute inherit="inherit" name="serverUrl" type="parameter"/>
                           <attribute inherit="inherit" name="icSessionId" type="parameter"/>
                        </section>
                     </section>
                     <section type="output">
                        <section type="outputFields"/>
                     </section>
                     <section type="restSimpleBinding">
                        <attribute inherit="overwrite" name="url" type="url"/>
                        <section type="body">
                           <attribute inherit="overwrite" name="generateUsing" type="generateUsing"/>
                        </section>
                        <section type="httpHeaders">
                           <attribute inherit="inherit" name="Accept" type="header"/>
                           <attribute inherit="inherit" name="Content-Type" type="header"/>
                           <attribute inherit="inherit" name="icSessionId" type="header"/>
                        </section>
                        <section type="otherParams"/>
                     </section>
                  </inheritanceMetadata>
                  <input>
                     <parameter name="ConnectionId"
                                nogen="true"
                                required="true"
                                testWith="01C62T0B000000000008"
                                type="string"/>
                     <parameter name="body"
                                nogen="true"
                                required="true"
                                testWith="{     &#34;@type&#34;: &#34;connection&#34;,     &#34;id&#34;: &#34;01C62T0B000000000008&#34;,     &#34;orgId&#34;: &#34;01C62T&#34;,     &#34;name&#34;: &#34;AzureSQLServer&#34;,     &#34;description&#34;: &#34;TEST Connection for KeyVaultIntegration&#34;,     &#34;createTime&#34;: &#34;2022-10-02T21:39:40.000Z&#34;,     &#34;updateTime&#34;: &#34;2022-10-07T05:47:08.235Z&#34;,     &#34;createdBy&#34;: &#34;svaidya@munichre.com.saml6&#34;,     &#34;updatedBy&#34;: &#34;ser-native-iics-am-sbxadm&#34;,     &#34;agentId&#34;: &#34;01C62T0800000000001G&#34;,     &#34;runtimeEnvironmentId&#34;: &#34;01C62T2500000000001P&#34;,     &#34;host&#34;: &#34;sqlidmceussbx.database.windows.net&#34;,     &#34;database&#34;: &#34;sqldbidmceussbx&#34;,     &#34;codepage&#34;: &#34;UTF-8&#34;,     &#34;authenticationType&#34;: &#34;SqlServer&#34;,     &#34;adjustedJdbcHostName&#34;: &#34;sqlidmceussbx.database.windows.net&#34;,     &#34;schema&#34;: &#34;dbo&#34;,     &#34;shortDescription&#34;: &#34;TEST Connection for KeyVaultIntegration&#34;,     &#34;type&#34;: &#34;SqlServer2014&#34;,     &#34;port&#34;: 1433,     &#34;password&#34;: &#34;********&#34;,     &#34;username&#34;: &#34;mrassidmsbxsqladmin@sqlidmceussbx&#34;,     &#34;majorUpdateTime&#34;: &#34;2022-10-07T05:47:08.235Z&#34;,     &#34;timeout&#34;: 60,     &#34;connParams&#34;: {         &#34;agentId&#34;: &#34;01C62T0800000000001G&#34;,         &#34;CryptoProtocolVersion&#34;: &#34;TLSv1&#34;,         &#34;agentGroupId&#34;: &#34;01C62T2500000000001P&#34;,         &#34;AUTHENTICATION_TYPE&#34;: &#34;SqlServer&#34;,         &#34;encryptionMethod&#34;: &#34;None&#34;,         &#34;orgId&#34;: &#34;01C62T&#34;,         &#34;ValidateServerCertificate&#34;: &#34;False&#34;     },     &#34;internal&#34;: false,     &#34;federatedId&#34;: &#34;6XGWM1piUYpf8aGLn4lh2K&#34;,     &#34;retryNetworkError&#34;: false,     &#34;supportsCCIMultiGroup&#34;: false }"
                                type="string"/>
                  </input>
                  <binding>
                     <restSimpleBinding url="{$serverUrl}/api/v2/connection/{$ConnectionId }" verb="POST">
                        <mutualAuth enabled="false">
                           <keyStore/>
                           <keyStorePassword/>
                        </mutualAuth>
                        <httpHeaders>
                           <header name="Update-Mode">PARTIAL</header>
                        </httpHeaders>
                        <body>{$body}</body>
                     </restSimpleBinding>
                  </binding>
                  <output>
                     <field description=""
                            name="UpdateConn_StatusCode"
                            responseStatusCode="true"
                            type="string"/>
                     <field description=""
                            entireResponse="true"
                            name="UpdateConn_Response"
                            type="reference">
                        <options>
                           <option name="referenceTo"/>
                        </options>
                     </field>
                     <field description="" name="UpdateConn_Response_XMLText" type="string">
                        <xquery>{let $a:= util:toJSON($UpdateConn_Response )
return((&lt;root&gt;{util:parseJSON($a)}&lt;/root&gt;)//username)}</xquery>
                     </field>
                  </output>
               </action>
            </actions>
            <objects>
               <processObject xmlns="http://schemas.active-endpoints.com/appmodules/screenflow/2011/06/avosHostEnvironment.xsd"
                              isByCopy="true"
                              name="runtimeenvironments">
                  <description>An automatically generated process object</description>
                  <detail>
                     <field name="federatedId"
                            nullable="true"
                            required="false"
                            type="string"/>
                     <field name="name" nullable="true" required="false" type="int"/>
                     <field name="id" nullable="true" required="false" type="string"/>
                     <field name="type" nullable="true" required="false" type="string"/>
                     <field name="orgId" nullable="true" required="false" type="string"/>
                     <field name="isShared" nullable="true" required="false" type="boolean"/>
                     <field name="updatedBy" nullable="true" required="false" type="string"/>
                     <field name="updateTime"
                            nullable="true"
                            required="false"
                            type="string"/>
                     <field name="updateTimeUTC"
                            nullable="true"
                            required="false"
                            type="string"/>
                     <field name="createTimeUTC"
                            nullable="true"
                            required="false"
                            type="string"/>
                     <field name="agents" nullable="true" required="false" type="reference">
                        <options>
                           <option name="referenceTo">agents</option>
                           <option name="relationshipName">Child</option>
                        </options>
                     </field>
                     <field name="createTime"
                            nullable="true"
                            required="false"
                            type="string"/>
                     <field name="createdBy" nullable="true" required="false" type="string"/>
                     <field name="serverlessConfig"
                            nullable="true"
                            required="false"
                            type="reference">
                        <options>
                           <option name="referenceTo">serverlessConfig</option>
                           <option name="relationshipName">Child</option>
                        </options>
                     </field>
                     <field name="description"
                            nullable="true"
                            required="false"
                            type="string"/>
                  </detail>
               </processObject>
               <processObject xmlns="http://schemas.active-endpoints.com/appmodules/screenflow/2011/06/avosHostEnvironment.xsd"
                              isByCopy="true"
                              name="agents">
                  <description>An automatically generated process object</description>
                  <detail>
                     <field name="agentGroupId"
                            nullable="true"
                            required="false"
                            type="string"/>
                     <field name="agentConfigs"
                            nullable="true"
                            required="false"
                            type="string"/>
                     <field name="updateTimeUTC"
                            nullable="true"
                            required="false"
                            type="string"/>
                     <field name="type" nullable="true" required="false" type="string"/>
                     <field name="orgId" nullable="true" required="false" type="string"/>
                     <field name="platform" nullable="true" required="false" type="string"/>
                     <field name="upgradeStatus"
                            nullable="true"
                            required="false"
                            type="string"/>
                     <field name="proxyPort" nullable="true" required="false" type="int"/>
                     <field name="serverUrl" nullable="true" required="false" type="string"/>
                     <field name="id" nullable="true" required="false" type="string"/>
                     <field name="agentHost" nullable="true" required="false" type="string"/>
                     <field name="updatedBy" nullable="true" required="false" type="string"/>
                     <field name="active" nullable="true" required="false" type="string"/>
                     <field name="updateTime"
                            nullable="true"
                            required="false"
                            type="string"/>
                     <field name="packages" nullable="true" required="false" type="string"/>
                     <field name="createTimeUTC"
                            nullable="true"
                            required="false"
                            type="string"/>
                     <field name="readyToRun"
                            nullable="true"
                            required="false"
                            type="string"/>
                     <field name="lastUpgraded"
                            nullable="true"
                            required="false"
                            type="string"/>
                     <field name="createTime"
                            nullable="true"
                            required="false"
                            type="string"/>
                     <field name="createdBy" nullable="true" required="false" type="string"/>
                     <field name="federatedId"
                            nullable="true"
                            required="false"
                            type="string"/>
                     <field name="lastStatusChange"
                            nullable="true"
                            required="false"
                            type="string"/>
                     <field name="name" nullable="true" required="false" type="string"/>
                     <field name="agentVersion"
                            nullable="true"
                            required="false"
                            type="double"/>
                     <field name="spiUrl" nullable="true" required="false" type="string"/>
                     <field name="lastUpgradeCheck"
                            nullable="true"
                            required="false"
                            type="string"/>
                  </detail>
               </processObject>
               <processObject xmlns="http://schemas.active-endpoints.com/appmodules/screenflow/2011/06/avosHostEnvironment.xsd"
                              isByCopy="true"
                              name="serverlessConfig">
                  <description>An automatically generated process object</description>
                  <detail>
                     <field name="cloudProviderConfig"
                            nullable="true"
                            required="false"
                            type="reference">
                        <options>
                           <option name="referenceTo">cloudProviderConfig</option>
                           <option name="relationshipName">Child</option>
                        </options>
                     </field>
                  </detail>
               </processObject>
               <processObject xmlns="http://schemas.active-endpoints.com/appmodules/screenflow/2011/06/avosHostEnvironment.xsd"
                              isByCopy="true"
                              name="cloudProviderConfig">
                  <description>An automatically generated process object</description>
                  <detail>
                     <field name="cloudConfig"
                            nullable="true"
                            required="false"
                            type="string"/>
                  </detail>
               </processObject>
               <processObject xmlns="http://schemas.active-endpoints.com/appmodules/screenflow/2011/06/avosHostEnvironment.xsd"
                              isByCopy="true"
                              name="root">
                  <description>An automatically generated process object</description>
                  <detail>
                     <field name="emptyName"
                            nullable="true"
                            required="false"
                            type="reference">
                        <options>
                           <option name="referenceTo">emptyName</option>
                           <option name="relationshipName">Child</option>
                        </options>
                     </field>
                  </detail>
               </processObject>
               <processObject xmlns="http://schemas.active-endpoints.com/appmodules/screenflow/2011/06/avosHostEnvironment.xsd"
                              isByCopy="true"
                              name="emptyName">
                  <description>An automatically generated process object</description>
                  <detail>
                     <field name="country" nullable="true" required="false" type="string"/>
                     <field name="errorEmails"
                            nullable="true"
                            required="false"
                            type="string"/>
                     <field name="city" nullable="true" required="false" type="string"/>
                     <field name="timezone" nullable="true" required="false" type="string"/>
                     <field name="ipAddressRanges"
                            nullable="true"
                            required="false"
                            type="string"/>
                     <field name="description"
                            nullable="true"
                            required="false"
                            type="string"/>
                     <field name="type" nullable="true" required="false" type="string"/>
                     <field name="minPasswordCharMix"
                            nullable="true"
                            required="false"
                            type="int"/>
                     <field name="orgId" nullable="true" required="false" type="string"/>
                     <field name="twoFactorAuthentication"
                            nullable="true"
                            required="false"
                            type="string"/>
                     <field name="id" nullable="true" required="false" type="string"/>
                     <field name="state" nullable="true" required="false" type="string"/>
                     <field name="successEmails"
                            nullable="true"
                            required="false"
                            type="string"/>
                     <field name="passwordReuseInDays"
                            nullable="true"
                            required="false"
                            type="int"/>
                     <field name="updatedBy" nullable="true" required="false" type="string"/>
                     <field name="address3" nullable="true" required="false" type="string"/>
                     <field name="address2" nullable="true" required="false" type="string"/>
                     <field name="devOrg" nullable="true" required="false" type="string"/>
                     <field name="address1" nullable="true" required="false" type="string"/>
                     <field name="updateTime"
                            nullable="true"
                            required="false"
                            type="string"/>
                     <field name="warningEmails"
                            nullable="true"
                            required="false"
                            type="string"/>
                     <field name="passwordExpirationInDays"
                            nullable="true"
                            required="false"
                            type="int"/>
                     <field name="maxLogRows" nullable="true" required="false" type="int"/>
                     <field name="restApiSessionLimit"
                            nullable="true"
                            required="false"
                            type="int"/>
                     <field name="zipcode" nullable="true" required="false" type="string"/>
                     <field name="orgUUID" nullable="true" required="false" type="string"/>
                     <field name="subOrgLimit" nullable="true" required="false" type="int"/>
                     <field name="subOrgs"
                            nullable="true"
                            required="false"
                            type="objectlist">
                        <options>
                           <option name="referenceTo">subOrgs</option>
                           <option name="relationshipName">Child</option>
                        </options>
                     </field>
                     <field name="createTime"
                            nullable="true"
                            required="false"
                            type="string"/>
                     <field name="createdBy" nullable="true" required="false" type="string"/>
                     <field name="parentOrgId"
                            nullable="true"
                            required="false"
                            type="string"/>
                     <field name="minPasswordLength"
                            nullable="true"
                            required="false"
                            type="int"/>
                     <field name="name" nullable="true" required="false" type="string"/>
                     <field name="spiUrl" nullable="true" required="false" type="string"/>
                     <field name="employees" nullable="true" required="false" type="string"/>
                  </detail>
               </processObject>
               <processObject xmlns="http://schemas.active-endpoints.com/appmodules/screenflow/2011/06/avosHostEnvironment.xsd"
                              isByCopy="true"
                              name="subOrgs">
                  <description>An automatically generated process object</description>
                  <detail>
                     <field name="name" nullable="true" required="false" type="string"/>
                     <field name="id" nullable="true" required="false" type="string"/>
                     <field name="type" nullable="true" required="false" type="string"/>
                  </detail>
               </processObject>
            </objects>
         </businessConnector>
      </types1:Entry>
      <types1:GUID>7fh1hKQZZWhdBBYLdpuM4y</types1:GUID>
      <types1:DisplayName>SC_IICS_RESTAPI</types1:DisplayName>
   </types1:Item>
   <types1:CurrentServerDateTime>2022-11-15T05:21:26.81Z</types1:CurrentServerDateTime>
</aetgt:getResponse>
